driverId,name,ssn,location,certified,wage-plan
10,Jonathan Gallagher,729-58-3442,"21763 Reynolds Village Suite 593
West Rachel, SD 71670",N,miles
11,Brianna Cox,285-67-7835,"3262 Michael Corners
Angelashire, DC 95262",N,miles
12,Jimmy Preston,509-78-9288,"2737 Lori Loaf Suite 161
Lauraburgh, NY 44686",Y,hours
13,Alexandra Navarro,637-23-1465,"05303 Levi Harbor Apt. 626
Taylorberg, NE 86596",N,hours
14,Jonathan Gonzalez,244-10-1342,"0508 Kimberly Haven
Deckerville, DE 84567",N,miles
15,Charles Sawyer,220-65-1530,"303 Johnny Garden
Lake Susanbury, MA 88668",N,hours
16,Karen Luna,212-44-0761,"80804 Darrell Corner Apt. 821
Patriciachester, FM 40848",Y,miles
17,Tara Smith,762-15-5695,"9792 Melendez Forks
Kingberg, LA 92524",Y,miles
18,Jonathan Vargas,777-66-5873,"USS Smith
FPO AA 49444",N,miles
19,Jeffery Brown,364-34-1687,"36969 Margaret Brooks Apt. 007
Juanton, MP 05025",N,miles
20,Bonnie Carter,644-17-7254,"85994 Jacob Burgs Apt. 826
West Dennismouth, NM 50117",N,miles
21,Johnny Pope,758-97-8115,"31184 Dunn Meadow
Alfredmouth, AZ 86399",Y,hours
22,Frances Compton,551-58-3554,"5460 Bailey Motorway
East Kaylabury, AZ 48242",N,hours
23,Kimberly Powell,322-62-1471,"6011 Matthew Mount Suite 401
Port Emily, SC 53692",Y,miles
24,Jesse White,885-53-1625,"3199 Savage Street Apt. 127
Greenberg, GA 13660",N,miles
25,Michael Valencia,879-42-1841,"23042 Crawford Knolls Apt. 922
Francobury, SC 76193",Y,hours
26,Rebecca Moore,787-97-2232,"4321 Jessica Place
Smithton, FM 38171",Y,miles
27,Charles Trujillo,751-94-7108,"627 Alvarez Mountain Apt. 912
New Shellyborough, VI 21419",Y,hours
28,Shawn Huff,426-02-7559,"71490 Wood Estate
Millerton, GA 58280",Y,miles
29,Shelby Brown,044-60-3323,"7851 Cindy Squares Suite 507
Lake Jesse, UT 23654",Y,miles
30,Aaron Ramos,089-31-2719,"3875 Kelly Drive
North Justin, DC 79136",Y,hours
31,Michael Dunn,224-06-5467,"1875 Stacey Burg Suite 988
South Markshire, DC 13848",Y,miles
32,Stephanie Bradshaw,387-93-6750,"731 Burns Brooks
East Leahhaven, DC 99170",N,miles
33,Ashley Meza,174-67-6653,"PSC 6625, Box 2221
APO AA 58022",N,miles
34,John Smith,500-94-3164,"93113 Fitzgerald Glen Apt. 373
Port Austin, AZ 22393",Y,hours
35,Vanessa Waters,203-83-5945,"27618 Kimberly Trace Apt. 214
West Patriciaburgh, FM 75405",Y,miles
36,Scott Henry,321-29-2648,"6378 Pena Plains Apt. 510
New Sarah, SC 24199",Y,hours
37,Ronald Clark,152-69-9165,"73916 Michael Valley
Port Brian, MH 75481",Y,hours
38,Melissa Brewer,842-78-6178,"3064 Scott Lodge Suite 337
Port Debbie, CT 67083",N,hours
39,Mrs. Monique Martinez,795-60-2279,"740 Marisa Highway
Port Danielbury, NJ 67718",N,miles
40,Robert Murphy,363-81-9466,"USS Gomez
FPO AE 32007",Y,miles
41,Christian Freeman,103-58-4499,"07972 Melanie Village Apt. 291
East Anthonymouth, MT 24080",Y,miles
42,Maria Mcmillan DDS,133-91-6169,"68417 Perez Rue Apt. 332
Weaverville, SC 56612",N,miles
43,Derrick Gomez,004-65-8339,"617 Cunningham Forest Suite 143
Dianamouth, NH 50732",N,miles
44,Benjamin Delacruz,165-15-0564,"27391 Cox Estates Apt. 350
West Ronnie, IA 43104",Y,hours
45,Gregory Murphy,745-05-3283,"158 Ruth Mills Suite 177
Port Micheleburgh, RI 98794",N,miles
46,Devin Anderson,127-75-4199,"87738 Carter Fort Suite 461
South Matthewside, VT 97472",N,hours
47,Tracy Brown,196-20-4035,"PSC 8010, Box 0965
APO AE 47964",N,hours
48,Travis Sutton,402-06-9686,"8187 Koch Ford Suite 806
Annaville, AL 28118",N,hours
49,Ruben Palmer,217-70-2439,"669 Moore View Apt. 118
East Sierra, GU 54755",Y,miles
50,Alan Mack DDS,730-47-1028,"8045 Dylan Ports
Elizabethburgh, CO 28055",Y,miles
51,Charles Jensen,481-20-5592,"727 Miller Oval
Lake Laurafort, AR 86741",N,miles
52,Jessica Crawford,889-12-1558,"39115 Bryant Ridge
Floresfort, WV 68577",N,miles
53,Allison Woods,875-55-8095,"19585 Lauren Rue Suite 374
Jenniferhaven, PA 77008",N,miles
54,Carrie Valenzuela,898-95-5935,"06302 Miller Mission
Lake Jamesburgh, OR 47821",N,miles
55,Timothy Allen,304-14-4286,"9388 Wilson Freeway Suite 068
Patrickstad, MD 29013",N,hours
56,Gerald Green,632-11-1859,"166 Simon Islands
East Christine, NV 52664",Y,hours
57,Whitney Chen,692-12-7446,"647 Estes Unions
Port Todd, WA 22144",N,hours
58,Richard Taylor,888-74-1210,"62212 Michael Squares Suite 552
Barbarashire, FL 14498",Y,miles
59,Elizabeth Mcneil,577-95-5978,"5131 Navarro Orchard Suite 210
Thomasside, NE 85616",N,hours
60,Ian Moore,573-04-9691,"1197 Moody Lake Suite 389
Nicolestad, DE 11602",N,hours
61,Sara Hutchinson,442-09-9219,"7110 Brian Gardens Apt. 299
North Haroldview, NM 50615",Y,hours
62,Terry Phillips,188-29-5371,"3871 Jennifer Coves Apt. 175
Lake Jasonside, AR 75101",N,hours
63,Paul Peterson,174-36-9286,"8200 Tanya Inlet
New Lisa, NE 10766",Y,hours
64,Sarah Schneider,166-84-6075,"31458 Duran Plain Apt. 335
New Tylerhaven, NJ 43707",Y,miles
65,Christine Aguilar,606-89-0665,"815 Leah Estates Suite 660
North Scottshire, IA 87115",N,miles
66,Thomas Murray,242-40-2453,"5017 Diana Walks
Dawnburgh, AL 74882",Y,hours
67,Amy Barajas,123-26-0226,"3648 Scott Inlet
South Michaelborough, NV 89244",Y,miles
68,Andrew Morris,462-28-4287,"5616 Smith Pike
North Sherichester, MD 88739",Y,miles
69,Debra Mitchell,754-13-3201,"84109 Snyder Pines
Port Laurenburgh, IA 19781",Y,hours
70,Susan Ford,479-21-6741,"97631 Johnson Crescent Suite 861
Port Billy, CT 30521",Y,miles
71,Deborah Rivas,687-20-2635,"098 Hanson Village
Lake Jill, MN 29084",N,miles
72,Robert Smith,176-26-7146,"55744 Alvarado Islands
Lake Katie, ME 35928",N,miles
73,Diana Parker,573-05-0226,"026 Cheryl Forges Apt. 441
East Amy, AK 78672",N,miles
74,Yvette Brown,059-80-7382,"41683 Flores Lights Suite 408
Williamburgh, VI 18011",Y,hours
75,Alicia Mejia,186-91-3388,"097 Tracy Lane
Port Sherri, UT 64232",N,miles
76,Zachary King,320-80-7099,"319 Brendan Knolls Apt. 327
North Manuelstad, OH 31567",N,miles
77,Casey Clayton,507-31-8756,"38030 Mayer Prairie
New Catherineborough, GU 85759",Y,hours
78,Erin Joseph,727-35-9312,"2659 Steele Ford
Dustinmouth, CT 70529",Y,miles
79,Aaron Henry,696-68-3488,"9558 Benjamin Union Suite 208
East Eric, MH 12403",Y,miles
80,Daniel Warren,595-88-4131,"31382 Smith Shoals
East Maryside, MD 65952",Y,hours
81,Ryan Brown,604-40-4111,"54351 Collins Canyon Suite 341
Prattchester, TX 16961",Y,hours
82,Sandra Watson,196-79-0474,"25112 Moore Alley
Mooreberg, NH 21815",Y,miles
83,Ashley Christian,617-26-2064,"USNS Woodward
FPO AA 05081",N,hours
84,Justin Bolton,799-57-8365,"26291 Randall Ford Apt. 554
Cruzmouth, UT 51642",Y,hours
85,Nathan Pena,447-79-4978,"USS Johnson
FPO AE 77973",Y,hours
86,Joshua Johnson,181-23-6889,"8870 Garcia Bypass
Owenborough, NY 22845",Y,miles
87,Nicole Brooks,422-71-2531,"4531 Rebecca Corners Apt. 668
Nancymouth, ND 16115",N,miles
88,Erica Fernandez,659-19-8550,"USS Bentley
FPO AP 16592",N,miles
89,Grace Wallace,886-79-6150,"51296 Joshua Shore
Robertberg, FL 25154",N,hours
90,Jenna Johnson,579-47-5069,"8161 James Ways Apt. 664
Hannahchester, NJ 94262",N,miles
91,Barbara Stephenson,657-01-7224,"6188 Boyd Fields
West Sandratown, GU 74716",Y,hours
92,Amy Harrison,842-27-0922,"42899 Nelson Alley
Hartfurt, FM 95664",N,hours
93,Jasmine Vasquez,845-67-9527,"954 Amy Course Apt. 546
Louischester, FM 09007",Y,hours
94,Thomas Ball,481-18-2592,"580 Johnson Parkways Apt. 920
Rogersburgh, HI 09037",Y,hours
95,Stacey Hubbard,648-61-7187,"237 Mccarthy Ville
Charleston, AL 64173",N,miles
96,Douglas Spencer,055-79-8767,"825 Lance Trail
Calderonmouth, CO 26057",Y,hours
97,Isaac Reed,312-09-2405,"86947 Roach Ramp Suite 797
East Bradley, OK 63600",Y,hours
98,Ronald Perez,811-55-9090,"4443 Mitchell Station
Jefferyville, ID 82553",Y,hours
99,Andrew Johnson,092-94-0626,"54715 Jessica Throughway
Jimeneztown, NC 41857",Y,hours
100,Jared Molina,805-21-7642,"637 Cynthia Street
Port Stacey, ND 50537",Y,miles
101,Erika Brown,656-09-6067,"64485 Joseph Drive Apt. 820
South Amy, AZ 07706",N,miles
102,Kristen Patterson,659-21-0175,"15651 Walker Meadow Suite 600
Pageland, CT 25505",Y,miles
103,Kathleen Manning,664-55-9964,"61884 Jason Via Suite 428
Carterstad, KS 34575",N,miles
104,Laura Reed,214-25-9694,"375 Weaver Mount Suite 334
Michelleville, KS 26504",N,miles
105,Erica Wheeler,128-89-6288,"563 Kelly Mountain Apt. 829
Coxtown, PA 29775",N,hours
106,Donald Alvarez,008-32-5198,"2641 Clark Islands
Brownfurt, MO 76406",Y,hours
107,Lauren Robles,707-76-9965,"91876 Kimberly Terrace Apt. 216
Lake Keithbury, OK 21515",Y,hours
108,Steven Garcia,659-45-1240,"64932 Rebecca Key
Port Daniel, IL 81519",Y,miles
109,Sherry Washington,719-30-2109,"712 Theresa Springs Apt. 759
Jesseside, VA 48739",Y,miles
